count,mean,std,min,25%,50%,75%,max,community_id,centrality,retention_label
9769.0,10.20104411915242,658.5900269689381,2.0,2.0,2.0,2.0,65089.0,0.0,degree,not_retained
193.0,8.595854922279793,13.95686746356465,2.0,3.0,5.0,8.0,116.0,0.0,degree,retained
9769.0,8.707091964360345e-05,0.008461343615279901,0.0,0.0,0.0,0.0,0.8363032040045706,0.0,betweenness,not_retained
193.0,9.49682995107491e-06,2.6166787189579654e-05,0.0,0.0,2.87188407398697e-10,4.7051717455817e-06,0.0001886112466942,0.0,betweenness,retained
9769.0,0.4979130948555354,0.005334068307108962,0.4649343703340539,0.4965666615097169,0.4965666615097169,0.4999041548857047,0.9863369894099848,0.0,closeness,not_retained
193.0,0.49930108147632846,0.0027396036120924897,0.4649550934902275,0.4999101441288174,0.4999101441288174,0.4999281127192562,0.5005097940432065,0.0,closeness,retained
9769.0,0.37784074235388754,0.471020979731249,0.0,0.0,0.0,1.0,1.0,0.0,clustering,not_retained
193.0,0.7856199830649893,0.31005358711994396,0.0,0.6666666666666666,1.0,1.0,1.0,0.0,clustering,retained
9769.0,1.8540280479066436,1.8479198965136796,1.0,1.0,1.0,2.0,47.0,0.0,kshell,not_retained
193.0,3.917098445595855,2.250779465829485,1.0,3.0,3.0,5.0,12.0,0.0,kshell,retained
9769.0,3437.508366575455,110655.30658717793,4.0,100.0,664.0,800.0,10122959.166898472,0.0,weighted_degree,not_retained
193.0,4727.038359848817,16126.971277900864,20.0,150.0,637.0,2263.4744148785253,144034.35417787475,0.0,weighted_degree,retained
843.0,12.882562277580071,28.971797525511537,2.0,4.0,4.0,9.0,349.0,1.0,degree,not_retained
14.0,5.0,2.1838568563966754,3.0,3.0,4.5,7.5,8.0,1.0,degree,retained
843.0,1.7199621049071344e-05,9.315458131573124e-05,0.0,0.0,0.0,1.7350748380798175e-06,0.0017576442096933,1.0,betweenness,not_retained
14.0,2.6221663476158722e-06,6.299287694716529e-06,0.0,0.0,0.0,2.366886880101576e-06,2.348040198172613e-05,1.0,betweenness,retained
843.0,0.4994882145790826,0.003974406521825783,0.4649291898336434,0.4999101441288174,0.4999101441288174,0.4999341025364532,0.5013878708499057,1.0,closeness,not_retained
14.0,0.4974189742691579,0.009345243093955754,0.4649499125279966,0.4999101441288174,0.4999101441288174,0.4999161335154434,0.4999341025364532,1.0,closeness,retained
843.0,0.8689047914092346,0.2427096972003874,0.0551456183884027,0.8333333333333334,1.0,1.0,1.0,1.0,clustering,not_retained
14.0,0.9465986394557825,0.0878881552108624,0.8,0.875,1.0,1.0,1.0,1.0,clustering,retained
843.0,5.447212336892052,4.1041085012766905,2.0,3.0,3.0,6.0,26.0,1.0,kshell,not_retained
14.0,4.071428571428571,1.328057326976612,3.0,3.0,3.5,5.5,6.0,1.0,kshell,retained
843.0,14505.614129134261,54536.24133566824,100.0,500.0,545.0,3600.0,698186.0,1.0,weighted_degree,not_retained
14.0,1398.7857142857142,1707.4966461762951,150.0,150.0,656.0,1488.5,5100.0,1.0,weighted_degree,retained
18720.0,8.042895299145298,259.952204854984,2.0,4.0,5.0,6.0,35431.0,2.0,degree,not_retained
2339.0,8.545104745617785,17.89731655540112,2.0,3.0,4.0,6.0,314.0,2.0,degree,retained
18720.0,5.349121294006902e-06,9.301677081078817e-05,0.0,0.0,0.0,3.1937692292832894e-07,0.0098001648977636,2.0,betweenness,not_retained
2339.0,1.2800996034809977e-05,8.76512896605932e-05,0.0,0.0,0.0,1.4689752066669572e-06,0.0033643900930984,2.0,betweenness,retained
18720.0,0.4994269903590635,0.004994654106339995,0.4649291898336434,0.4999101441288174,0.4999161335154434,0.499922123045588,0.8688753305707682,2.0,closeness,not_retained
2339.0,0.49949229951379576,0.0038711564007412585,0.4649291898336434,0.4999101441288174,0.4999101441288174,0.499922123045588,0.5014541521451749,2.0,closeness,retained
18720.0,0.9164692262764961,0.15408227785628686,0.0001978459460875,0.8333333333333334,1.0,1.0,1.0,2.0,clustering,not_retained
2339.0,0.8916426796018956,0.2098703695776844,0.0174933174933174,0.8333333333333334,1.0,1.0,1.0,2.0,clustering,retained
18720.0,3.8944978632478633,1.5365037270326019,2.0,3.0,4.0,4.0,47.0,2.0,kshell,not_retained
2339.0,3.946558358272766,2.1208484626115633,2.0,3.0,3.0,4.0,13.0,2.0,kshell,retained
18720.0,1202.9822271175678,20921.015555287046,2.0,430.0,552.0,640.0,2641395.1,2.0,weighted_degree,not_retained
2339.0,2043.4326638305786,13856.337204304622,2.0,121.0,181.0,575.0,370217.0,2.0,weighted_degree,retained
206.0,18.42718446601942,20.06482272681444,2.0,5.0,10.0,25.75,116.0,3.0,degree,not_retained
21.0,14.80952380952381,13.49303171129101,3.0,3.0,9.0,23.0,45.0,3.0,degree,retained
206.0,2.015471816890897e-05,4.109860404575921e-05,0.0,2.7391562770101882e-08,3.1636635549264876e-06,1.8431598884575205e-05,0.0002487618822381,3.0,betweenness,not_retained
21.0,1.0859416063589825e-05,1.6221418817937934e-05,0.0,5.413445317271391e-08,4.384339981491021e-06,1.1928870582691698e-05,6.313299615215838e-05,3.0,betweenness,retained
206.0,0.4994365731902999,0.0042047892530316655,0.4649499125279966,0.4999161335154434,0.4999341025364532,0.4999820262416871,0.5003297480724727,3.0,closeness,not_retained
21.0,0.49994893895593107,4.509406696584248e-05,0.4999101441288174,0.4999101441288174,0.4999281127192562,0.4999760352760736,0.5000419437953143,3.0,closeness,retained
206.0,0.7838867340050445,0.23234091377295243,0.1621730382293762,0.6428571428571429,0.8452991452991453,1.0,1.0,3.0,clustering,not_retained
21.0,0.7846574380784908,0.204446009054005,0.4736842105263157,0.6025641025641025,0.6813186813186813,1.0,1.0,3.0,clustering,retained
206.0,7.58252427184466,4.490693404754503,2.0,4.0,6.0,11.0,17.0,3.0,kshell,not_retained
21.0,6.761904761904762,4.182161664794439,3.0,3.0,5.0,10.0,14.0,3.0,kshell,retained
206.0,18246.111650485436,33792.54257076891,200.0,847.0,3902.5,17527.25,192227.0,3.0,weighted_degree,not_retained
21.0,9825.333333333334,19884.99104936518,150.0,150.0,1331.0,6852.0,78766.0,3.0,weighted_degree,retained
209.0,11.052631578947368,14.556656726760053,3.0,3.0,4.0,14.0,103.0,4.0,degree,not_retained
18.0,33.666666666666664,32.09911122097418,3.0,7.25,22.0,50.25,124.0,4.0,degree,retained
209.0,1.76937161823244e-05,7.220545807596714e-05,0.0,0.0,5.7437681479739426e-11,9.208634611720186e-06,0.0009156411035591,4.0,betweenness,not_retained
18.0,6.284860892437953e-05,0.0001891457639498658,0.0,2.4209268980597776e-06,1.0792551958304821e-05,3.918313787211177e-05,0.0008157358531822,4.0,betweenness,retained
209.0,0.4996050543392383,0.003416312450504001,0.4649343703340539,0.4999101441288174,0.4999101441288174,0.4999460826014545,0.5002937544213037,4.0,closeness,not_retained
18.0,0.5000223327149385,0.00012635519942466982,0.4999101441288174,0.499922123045588,0.4999880199353239,0.500082396276573,0.5004077520867313,4.0,closeness,retained
209.0,0.8497858719140883,0.2191136115702755,0.1488014473089099,0.738562091503268,1.0,1.0,1.0,4.0,clustering,not_retained
18.0,0.6425822294940082,0.2858832079453946,0.1239398084815321,0.4165708312302115,0.6378787878787879,0.9642857142857143,1.0,4.0,clustering,retained
209.0,5.559808612440191,3.76439697409549,3.0,3.0,3.0,7.0,16.0,4.0,kshell,not_retained
18.0,10.0,5.201809639866857,3.0,4.25,11.5,14.0,20.0,4.0,kshell,retained
209.0,9191.73830612913,25670.154688263796,200.0,500.0,720.0,6395.0,237253.0,4.0,weighted_degree,not_retained
18.0,72592.66666666667,84296.4325258681,150.0,2986.5,43395.0,112620.0,264321.0,4.0,weighted_degree,retained
575.0,15.728695652173913,24.04009704051369,3.0,4.0,6.0,17.0,276.0,5.0,degree,not_retained
26.0,10.307692307692308,12.679966027617679,3.0,3.25,5.5,8.75,50.0,5.0,degree,retained
575.0,1.8065220276010747e-05,6.490636129376666e-05,0.0,0.0,5.074484651449798e-07,7.938457455766842e-06,0.0009702581279828,5.0,betweenness,not_retained
26.0,1.1293660679807131e-05,2.9767340044767265e-05,0.0,0.0,8.304380130017435e-07,6.082106005414112e-06,0.0001277914988873,5.0,betweenness,retained
575.0,0.4998375333738403,0.002065228456857841,0.4649395509499136,0.4999101441288174,0.499922123045588,0.4999640537755517,0.5010025814972684,5.0,closeness,not_retained
26.0,0.49993802495264933,5.5486782911331804e-05,0.4999101441288174,0.4999101441288174,0.4999161335154434,0.49993709755270227,0.5001558267206866,5.0,closeness,retained
575.0,0.802178679390056,0.25280261780396046,0.0940721649484536,0.6638477801268499,0.9333333333333332,1.0,1.0,5.0,clustering,not_retained
26.0,0.8533957386282969,0.22168422741876706,0.3533333333333333,0.8,1.0,1.0,1.0,5.0,clustering,retained
575.0,6.76,6.009121985642111,3.0,3.0,4.0,8.0,26.0,5.0,kshell,not_retained
26.0,5.8076923076923075,5.043960592782072,3.0,3.0,4.0,5.75,26.0,5.0,kshell,retained
575.0,14254.03025739645,46034.65223575969,115.0,533.5,1828.0,8222.5,442830.0,5.0,weighted_degree,not_retained
26.0,5948.5,15094.755317659177,150.0,150.0,697.5,2167.0,69883.0,5.0,weighted_degree,retained
846.0,9.466903073286051,19.37565645495443,2.0,4.0,5.0,6.0,177.0,6.0,degree,not_retained
76.0,42.93421052631579,127.79153185573404,3.0,5.0,6.0,34.5,1081.0,6.0,degree,retained
846.0,9.849469166501019e-06,5.392174334698719e-05,0.0,0.0,0.0,6.162558096285789e-07,0.0007822575204669,6.0,betweenness,not_retained
76.0,0.00010016740961452508,0.0004857140791401604,0.0,0.0,9.861401287176534e-07,3.509607371769256e-05,0.0041352776439895,6.0,betweenness,retained
846.0,0.49653723439949105,0.010356806489543978,0.4649291898336434,0.4999101441288174,0.4999161335154434,0.499922123045588,0.5007981372796121,6.0,closeness,not_retained
76.0,0.4973340505429242,0.009542022408094661,0.4649343703340539,0.4999161335154434,0.499922123045588,0.5000659148380293,0.504546553808948,6.0,closeness,retained
846.0,0.8721066440560329,0.22623046492185164,0.0543859649122807,0.8333333333333334,1.0,1.0,1.0,6.0,clustering,not_retained
76.0,0.6500076457067184,0.3655479523559382,0.0110347389931265,0.2540978750746208,0.8333333333333334,1.0,1.0,6.0,clustering,retained
846.0,4.637115839243499,3.032290629981199,2.0,3.0,4.0,5.0,20.0,6.0,kshell,not_retained
76.0,8.25,5.694734409961539,3.0,4.0,5.0,13.0,18.0,6.0,kshell,retained
846.0,4817.584281090872,25475.789346701422,54.0,199.0,500.0,829.25,393519.0,6.0,weighted_degree,not_retained
76.0,15041.681400907655,36247.16452200626,78.0,202.0,614.5,18980.25,272647.8928322182,6.0,weighted_degree,retained
136.0,11.352941176470589,33.91023649922764,3.0,4.0,5.0,7.25,312.0,7.0,degree,not_retained
43.0,12.976744186046512,11.619950766416935,3.0,7.0,8.0,11.0,46.0,7.0,degree,retained
136.0,8.142952190955972e-06,4.417364643230779e-05,0.0,0.0,0.0,3.302666685085017e-09,0.0004910331942665,7.0,betweenness,not_retained
43.0,1.2829318266724565e-05,2.445684434345242e-05,0.0,0.0,1.3162802005773615e-09,1.3255591355559445e-05,9.488114525219332e-05,7.0,betweenness,retained
136.0,0.4978881957815966,0.008270153774321944,0.4649291898336434,0.4999101441288174,0.4999161335154434,0.4999281127192562,0.5012553608111192,7.0,closeness,not_retained
43.0,0.49832488663076246,0.0074581012780270284,0.4649499125279966,0.4999251178824221,0.4999341025364532,0.4999430875493194,0.5000898881791052,7.0,closeness,retained
136.0,0.8725459414188804,0.2055185915837996,0.0298623835328057,0.8,1.0,1.0,1.0,7.0,clustering,not_retained
43.0,0.7899121273831825,0.23227988226824656,0.2486772486772486,0.7275641025641026,0.8571428571428571,1.0,1.0,7.0,clustering,retained
136.0,4.588235294117647,1.906987495289243,2.0,3.0,4.0,5.0,10.0,7.0,kshell,not_retained
43.0,6.767441860465116,1.949813291456214,3.0,6.0,6.0,7.0,10.0,7.0,kshell,retained
136.0,4152.863415691638,24526.144275735063,70.0,278.0,738.0,1714.5,279573.4396323056,7.0,weighted_degree,not_retained
43.0,4296.035865190409,6692.5377498531725,97.0,502.0,1378.6630379606909,3049.5,24697.56240285676,7.0,weighted_degree,retained
735.0,9.843537414965986,32.715498223042474,2.0,4.0,4.0,6.0,712.0,8.0,degree,not_retained
114.0,10.535087719298245,15.895220979660431,3.0,4.0,5.0,6.0,93.0,8.0,degree,retained
735.0,1.5149156804185239e-05,9.795239014306059e-05,0.0,0.0,7.37902467988773e-07,3.0315928888386617e-06,0.0022934757481793,8.0,betweenness,not_retained
114.0,1.779691149259489e-05,6.23288708895012e-05,0.0,2.55283458918581e-07,1.1261282655006831e-06,2.8409442175354828e-06,0.0005668325336696,8.0,betweenness,retained
735.0,0.4986056806348245,0.006696922207152716,0.4649291898336434,0.4999101441288174,0.4999101441288174,0.499922123045588,0.5025473027496417,8.0,closeness,not_retained
114.0,0.4993290713052054,0.0046095181871925375,0.4649395509499136,0.4999101441288174,0.4999161335154434,0.4999161335154434,0.5003777476645601,8.0,closeness,retained
735.0,0.8644365432158716,0.24225875916289383,0.0149247577819006,0.8333333333333334,1.0,1.0,1.0,8.0,clustering,not_retained
114.0,0.8394172840960374,0.27792643025499364,0.0632716049382716,0.8333333333333334,1.0,1.0,1.0,8.0,clustering,retained
735.0,4.012244897959183,1.6303030409523198,2.0,3.0,3.0,4.0,12.0,8.0,kshell,not_retained
114.0,4.491228070175438,2.096122058000666,3.0,3.0,4.0,4.0,11.0,8.0,kshell,retained
735.0,3970.6270394518438,22093.66246694653,74.0,500.0,531.0,654.5,432167.0,8.0,weighted_degree,not_retained
114.0,9447.08888769331,44053.17417503328,124.0,167.25,520.0,606.75,420259.0,8.0,weighted_degree,retained
222.0,8.234234234234235,19.31119524079604,3.0,4.0,5.0,7.0,264.0,9.0,degree,not_retained
48.0,17.8125,24.76928112065513,2.0,5.0,12.0,20.25,146.0,9.0,degree,retained
222.0,8.069883027640148e-06,2.5206375086483017e-05,0.0,0.0,4.936994420315007e-09,3.6505341021577093e-06,0.0002477417357962,9.0,betweenness,not_retained
48.0,2.3134595137522687e-05,5.8243625810546096e-05,0.0,4.897711252196562e-10,1.7616008650602061e-06,2.472589205699337e-05,0.0003722698530682,9.0,betweenness,retained
222.0,0.49977528042258473,0.002351254594152834,0.4649343703340539,0.4999101441288174,0.4999161335154434,0.4999281127192562,0.501345700966021,9.0,closeness,not_retained
48.0,0.4991761621359521,0.005063324459365107,0.4649965453451312,0.4999146361687869,0.4999460826014545,0.49998352401898427,0.5004257564673007,9.0,closeness,retained
222.0,0.8579433383655682,0.21421185414260335,0.0266451767772024,0.7714285714285714,1.0,1.0,1.0,9.0,clustering,not_retained
48.0,0.673713196515282,0.3039997542958194,0.061128526645768,0.44703103913630227,0.6787878787878787,1.0,1.0,9.0,clustering,retained
222.0,4.256756756756757,1.5432891725068136,3.0,3.0,4.0,5.0,12.0,9.0,kshell,not_retained
48.0,6.208333333333333,2.466441431158124,2.0,4.0,7.0,9.0,9.0,9.0,kshell,retained
222.0,3418.4053832782624,19005.66555139935,108.0,517.0,677.0,1439.1331952674368,214714.0,9.0,weighted_degree,not_retained
48.0,9301.688062528536,16882.00891205846,100.0,520.0,4551.5,11252.0,100575.66368087588,9.0,weighted_degree,retained
82.0,13.304878048780488,27.92392178777249,3.0,4.0,5.0,8.0,180.0,10.0,degree,not_retained
5.0,13.6,10.96813566655701,6.0,9.0,10.0,10.0,33.0,10.0,degree,retained
82.0,1.08850256819582e-05,5.8276439700780136e-05,0.0,0.0,0.0,2.625038800008567e-09,0.0005125080920879,10.0,betweenness,not_retained
5.0,6.773020684596794e-06,1.5141705771497535e-05,1.9145893826579807e-10,1.441412292372508e-09,1.4668700193287295e-09,2.676322444186905e-09,3.385932735928982e-05,10.0,betweenness,retained
82.0,0.4999539374749739,0.0001393294491946485,0.4999101441288174,0.4999101441288174,0.4999161335154434,0.499932605082154,0.5008642627358717,10.0,closeness,not_retained
5.0,0.4999592659133076,5.34872831329003e-05,0.499922123045588,0.4999400924971843,0.4999400924971843,0.4999400924971843,0.5000539290293973,10.0,closeness,retained
82.0,0.8224216079094484,0.2696301078277605,0.0397975615366919,0.8125,1.0,1.0,1.0,10.0,clustering,not_retained
5.0,0.6707203907203907,0.25156864440573307,0.2393162393162393,0.7142857142857143,0.75,0.75,0.9,10.0,clustering,retained
82.0,4.426829268292683,1.8326967770647862,3.0,3.0,4.0,5.0,10.0,10.0,kshell,not_retained
5.0,6.2,1.0954451150103321,5.0,6.0,6.0,6.0,8.0,10.0,kshell,retained
82.0,7935.717353354591,32712.472101999832,125.0,524.75,554.5,2182.25,285555.0972971643,10.0,weighted_degree,not_retained
5.0,7860.8,15470.682198920642,655.0,692.0,928.0,1500.0,35529.0,10.0,weighted_degree,retained
3.0,5.666666666666667,1.5275252316519465,4.0,5.0,6.0,6.5,7.0,11.0,degree,not_retained
3.0,8.0,1.7320508075688772,6.0,7.5,9.0,9.0,9.0,11.0,degree,retained
3.0,3.7505009742218525e-07,6.49605824118882e-07,0.0,0.0,0.0,5.625751461332778e-07,1.1251502922665557e-06,11.0,betweenness,not_retained
3.0,1.74491369814365e-05,2.919523331082176e-05,3.6497369583339515e-09,5.96739600178826e-07,1.189829463399318e-06,2.6171880603675585e-05,5.115393174395185e-05,11.0,betweenness,retained
3.0,0.4999181301211723,9.149174083863405e-06,0.4999101441288174,0.4999131388221304,0.4999161335154434,0.4999221231173498,0.4999281127192562,11.0,closeness,not_retained
3.0,0.4999281127670991,5.989745432759626e-06,0.499922123045588,0.4999251178824221,0.4999281127192562,0.4999311076278547,0.4999341025364532,11.0,closeness,retained
3.0,0.8888888888888888,0.1924500897298753,0.6666666666666666,0.8333333333333333,1.0,1.0,1.0,11.0,clustering,not_retained
3.0,0.7555555555555555,0.07698003589195015,0.6666666666666666,0.7333333333333334,0.8,0.8,0.8,11.0,clustering,retained
3.0,4.0,1.0,3.0,3.5,4.0,4.5,5.0,11.0,kshell,not_retained
3.0,5.0,0.0,5.0,5.0,5.0,5.0,5.0,11.0,kshell,retained
3.0,2878.6666666666665,2028.8571495631063,536.0,2286.0,4036.0,4050.0,4064.0,11.0,weighted_degree,not_retained
3.0,4789.333333333333,1815.2433262054246,3431.0,3758.5,4086.0,5468.5,6851.0,11.0,weighted_degree,retained
321.0,8.467289719626168,17.303712259047934,2.0,4.0,5.0,7.0,230.0,12.0,degree,not_retained
58.0,16.517241379310345,30.375568078904344,3.0,5.25,7.0,12.0,195.0,12.0,degree,retained
321.0,1.1699450426487181e-05,5.194745293334923e-05,0.0,0.0,1.3848617620685838e-08,3.0555781659521268e-06,0.0006372358366358,12.0,betweenness,not_retained
58.0,2.2048978897380974e-05,5.766169528029346e-05,0.0,0.0,1.1554049628397364e-09,6.992633238203507e-06,0.0003380548376403,12.0,betweenness,retained
321.0,0.49926915631534896,0.0047386178140730855,0.4649447316812266,0.4999101441288174,0.4999161335154434,0.4999281127192562,0.5007921267402784,12.0,closeness,not_retained
58.0,0.4999701942367062,0.00015390690069145885,0.4999101441288174,0.4999161335154434,0.499922123045588,0.49994458507538697,0.5009063516644459,12.0,closeness,retained
321.0,0.8347517318998351,0.2352997370835525,0.04331096196868,0.7142857142857143,1.0,1.0,1.0,12.0,clustering,not_retained
58.0,0.7666127666768394,0.2920992996135256,0.0391659622428853,0.7301587301587302,0.8785714285714286,1.0,1.0,12.0,clustering,retained
321.0,4.327102803738318,1.5798083404398666,2.0,3.0,4.0,5.0,10.0,12.0,kshell,not_retained
58.0,5.5,2.0711044599948423,3.0,4.0,5.0,6.0,10.0,12.0,kshell,retained
321.0,2328.0274075720486,5602.012879008249,100.0,500.0,540.0,1260.0,52093.83685915768,12.0,weighted_degree,not_retained
58.0,12510.55078737502,42240.37277587876,120.0,255.5,580.282023406257,2150.5,253363.80104058151,12.0,weighted_degree,retained
129.0,5.217054263565892,4.585918052020223,2.0,4.0,4.0,5.0,42.0,13.0,degree,not_retained
32.0,26.25,73.51541422744116,3.0,4.75,6.0,21.25,422.0,13.0,degree,retained
129.0,3.725630533301167e-06,1.4350800456016987e-05,0.0,0.0,0.0,0.0,0.0001029229324515,13.0,betweenness,not_retained
32.0,6.924903799916112e-05,0.00026808639982132623,0.0,0.0,2.0254909676955422e-06,2.2708605506349288e-05,0.0015174756599245,13.0,betweenness,retained
129.0,0.4993755461807244,0.004338985356303148,0.4649291898336434,0.4999101441288174,0.4999101441288174,0.4999161335154434,0.5001318470574134,13.0,closeness,not_retained
32.0,0.49891205545178524,0.006207602438671888,0.4649291898336434,0.4999161335154434,0.4999161335154434,0.500008987848429,0.5015144230769231,13.0,closeness,retained
129.0,0.952530362944923,0.15424279004431735,0.141025641025641,1.0,1.0,1.0,1.0,13.0,clustering,not_retained
32.0,0.7349370488067711,0.359520327155948,0.0212033594933223,0.2827614379084967,1.0,1.0,1.0,13.0,clustering,retained
129.0,3.5891472868217056,0.9405151771500612,2.0,3.0,3.0,4.0,10.0,13.0,kshell,not_retained
32.0,5.5,2.639648070384359,2.0,4.0,4.0,7.25,10.0,13.0,kshell,retained
129.0,661.9871403498144,1217.026883298279,59.0,197.0,300.0,520.0,9427.514987541286,13.0,weighted_degree,not_retained
32.0,12219.738050670778,27865.055901332234,124.0,175.5,530.0,13163.462213290371,124083.0,13.0,weighted_degree,retained
558.0,9.225806451612904,40.65963172977018,2.0,4.0,5.0,6.0,849.0,14.0,degree,not_retained
114.0,22.280701754385966,29.904126678830416,3.0,5.0,6.5,35.0,149.0,14.0,degree,retained
558.0,9.769999237836659e-06,0.00011251508884626492,0.0,0.0,1.607859059875565e-07,1.357075824889507e-06,0.002466130501723,14.0,betweenness,not_retained
114.0,4.073087914847185e-05,7.517693208167134e-05,0.0,1.607859059875565e-07,1.8662602241960656e-06,4.555981438006514e-05,0.0004412155704333,14.0,betweenness,retained
558.0,0.49866845265810084,0.006510329022602531,0.4649343703340539,0.4999101441288174,0.4999161335154434,0.499922123045588,0.502771351455562,14.0,closeness,not_retained
114.0,0.4990801126096306,0.005621687507081429,0.4649343703340539,0.4999161335154434,0.499922123045588,0.5000344533292215,0.5006599313671378,14.0,closeness,retained
558.0,0.8912861296352277,0.19335451236428527,0.0145693497524796,0.8333333333333334,1.0,1.0,1.0,14.0,clustering,not_retained
114.0,0.669623572625244,0.3702771346874485,0.0591176102987126,0.2682523616734143,0.8833333333333333,1.0,1.0,14.0,clustering,retained
558.0,4.417562724014337,2.3183399176171253,2.0,3.0,4.0,5.0,18.0,14.0,kshell,not_retained
114.0,6.526315789473684,4.259732274431927,3.0,4.0,4.0,8.0,18.0,14.0,kshell,retained
558.0,1891.531116626123,8542.255293985812,100.0,260.0,520.0,630.0,140696.0,14.0,weighted_degree,not_retained
114.0,18495.599623093192,52254.151274396245,100.0,367.9924776584343,705.1724792033826,20206.25,352109.65583203663,14.0,weighted_degree,retained
556.0,22.75,36.7497073592565,2.0,3.0,4.0,20.0,350.0,15.0,degree,not_retained
16.0,64.5625,53.09107740477678,2.0,19.5,51.5,101.75,168.0,15.0,degree,retained
556.0,1.5079815746978427e-05,7.381853985620862e-05,0.0,0.0,1.9778308762710175e-08,1.4278186168824344e-06,0.0011621519246285,15.0,betweenness,not_retained
16.0,3.900432407167064e-05,4.937658641405086e-05,0.0,9.182686657871948e-06,2.1096389117761524e-05,6.105279283152214e-05,0.000196417229612,15.0,betweenness,retained
556.0,0.49973033003453443,0.002971405085223583,0.4649291898336434,0.4999101441288174,0.4999101441288174,0.4999820262416871,0.5013878708499057,15.0,closeness,not_retained
16.0,0.49996943820375817,0.0009325219042338506,0.496572571047746,0.49997154226721346,0.5001348495809887,0.5003447513268037,0.5006359033426919,15.0,closeness,retained
556.0,0.8379311127822465,0.2319047925161412,0.0643052117057068,0.6877798916176641,1.0,1.0,1.0,15.0,clustering,not_retained
16.0,0.5548312792329333,0.2669087034034798,0.2528846153846154,0.31538955078490877,0.5371414064483371,0.6642246642246642,1.0,15.0,clustering,retained
556.0,10.800359712230216,13.713598165512515,2.0,3.0,3.0,9.0,40.0,15.0,kshell,not_retained
16.0,22.9375,14.405872645093968,2.0,8.75,20.0,40.0,40.0,15.0,kshell,retained
556.0,18547.221582471033,42978.15017031687,2.0,500.0,545.0,11177.75,492939.9460647898,15.0,weighted_degree,not_retained
16.0,206350.875,276746.3848729555,100.0,39840.25,99923.5,192377.0,954294.0,15.0,weighted_degree,retained
5.0,8.4,3.9115214431215892,3.0,8.0,8.0,9.0,14.0,16.0,degree,not_retained
5.0,8.234785691196375e-06,1.1281400493663809e-05,0.0,1.0530241604618895e-09,6.855644356699143e-06,6.855644356699143e-06,2.7461586718423124e-05,16.0,betweenness,not_retained
5.0,0.4999245190872868,1.0880794424222971e-05,0.4999101441288174,0.499922123045588,0.499922123045588,0.4999281127192562,0.4999400924971843,16.0,closeness,not_retained
5.0,0.8742857142857143,0.19016641476907126,0.5714285714285714,0.8,1.0,1.0,1.0,16.0,clustering,not_retained
5.0,4.6,0.8944271909999159,3.0,5.0,5.0,5.0,5.0,16.0,kshell,not_retained
5.0,6525.2,4760.948823501467,510.0,2553.0,7959.0,10618.0,10986.0,16.0,weighted_degree,not_retained
287.0,10.547038327526133,17.648977761417257,3.0,4.0,6.0,7.0,137.0,17.0,degree,not_retained
29.0,12.586206896551724,13.01789219656467,3.0,5.0,6.0,20.0,56.0,17.0,degree,retained
287.0,1.8530512445499917e-05,6.067401296936927e-05,0.0,0.0,6.292256265738812e-07,5.023091244300331e-06,0.0006300353839782,17.0,betweenness,not_retained
29.0,1.522896939096549e-05,3.285226353545374e-05,0.0,5.565373588162668e-07,6.275024961294891e-07,1.814000053811548e-05,0.0001642325806809,17.0,betweenness,retained
287.0,0.4995760731974826,0.00356113792849335,0.4649447316812266,0.4999101441288174,0.4999161335154434,0.4999251178824221,0.5005638331054008,17.0,closeness,not_retained
29.0,0.4999479476195834,5.570302404271602e-05,0.4999101441288174,0.4999161335154434,0.499922123045588,0.4999820262416871,0.5001318470574134,17.0,closeness,retained
287.0,0.839944854253862,0.2522851502895729,0.0592020592020592,0.8,1.0,1.0,1.0,17.0,clustering,not_retained
29.0,0.759920081663195,0.268194134687261,0.2379032258064516,0.5367647058823529,0.8333333333333334,1.0,1.0,17.0,clustering,retained
287.0,4.780487804878049,2.3896416412930606,3.0,3.0,4.0,5.0,13.0,17.0,kshell,not_retained
29.0,5.551724137931035,2.7977823730405755,3.0,4.0,4.0,6.0,13.0,17.0,kshell,retained
287.0,4560.917544113561,19277.84030365684,106.0,357.5,531.0,1370.5,253927.0,17.0,weighted_degree,not_retained
29.0,6740.413793103448,11098.544095373312,140.0,196.0,650.0,8894.0,40842.0,17.0,weighted_degree,retained
175.0,8.8,17.280977515986937,2.0,4.0,5.0,7.0,172.0,18.0,degree,not_retained
23.0,11.782608695652174,13.879207868866068,2.0,4.0,5.0,13.0,53.0,18.0,degree,retained
175.0,1.2218509388572093e-05,4.3773758864430614e-05,0.0,0.0,0.0,1.7125774545661488e-07,0.0003326405577581,18.0,betweenness,not_retained
23.0,1.5643598047206656e-05,3.5576114577325654e-05,0.0,0.0,1.5645904102603802e-09,7.161052484336916e-06,0.0001304309304596,18.0,betweenness,retained
175.0,0.49853483636254564,0.006876301340870196,0.4649291898336434,0.4999101441288174,0.4999161335154434,0.499922123045588,0.500810158791123,18.0,closeness,not_retained
23.0,0.4982791162986299,0.007273649036927139,0.4650691038787338,0.4999101441288174,0.4999161335154434,0.4999460826732267,0.5001438366016205,18.0,closeness,retained
175.0,0.8597743906667203,0.22730462185869463,0.0377536979704162,0.8,1.0,1.0,1.0,18.0,clustering,not_retained
23.0,0.769762103240988,0.2941658680287616,0.1428571428571428,0.5353535353535354,0.8571428571428571,1.0,1.0,18.0,clustering,retained
175.0,4.062857142857143,1.5053707899075004,2.0,3.0,4.0,4.0,11.0,18.0,kshell,not_retained
23.0,4.695652173913044,1.7948102611467838,2.0,3.0,4.0,6.0,8.0,18.0,kshell,retained
175.0,6750.078043736576,39432.17831205902,74.0,500.0,537.0,1013.4821593311253,489497.7788874098,18.0,weighted_degree,not_retained
23.0,13471.49422462535,24633.657377611693,100.0,326.0,548.0,14839.0,84367.0,18.0,weighted_degree,retained
50.0,4.34,4.817527522347063,3.0,3.0,3.0,4.0,37.0,19.0,degree,not_retained
4.0,16.25,18.786076404259266,3.0,6.0,9.0,19.25,44.0,19.0,degree,retained
50.0,5.297760408472408e-06,3.259983179432198e-05,0.0,0.0,0.0,0.0,0.0002298833785012,19.0,betweenness,not_retained
4.0,0.00012499028899754576,0.00023645225378135534,0.0,0.0,1.029574053289152e-05,0.00013528602953043726,0.0004793696749244,19.0,betweenness,retained
50.0,0.4999140979250333,2.0419368138883505e-05,0.4999101441288174,0.4999101441288174,0.4999101441288174,0.4999101441288174,0.5000539290293973,19.0,closeness,not_retained
4.0,0.4999760516822508,0.00010459025665997393,0.4999101441288174,0.49991912831639534,0.49993110777138616,0.49998803113724155,0.5001318470574134,19.0,closeness,retained
50.0,0.9761994301994302,0.12099747963354988,0.1766381766381766,1.0,1.0,1.0,1.0,19.0,clustering,not_retained
4.0,0.6975274725274725,0.4190153984257144,0.1115384615384615,0.5368131868131868,0.8392857142857143,1.0,1.0,19.0,clustering,retained
50.0,3.18,0.48191793695522867,3.0,3.0,3.0,3.0,5.0,19.0,kshell,not_retained
4.0,4.5,1.0,3.0,4.5,5.0,5.0,5.0,19.0,kshell,retained
50.0,2264.56,6751.013487512184,500.0,500.0,500.0,542.25,41537.0,19.0,weighted_degree,not_retained
4.0,12363.0,15390.753479497573,150.0,2762.25,7468.0,17068.75,34366.0,19.0,weighted_degree,retained
303.0,18.062706270627064,28.626378828578346,2.0,5.0,8.0,18.0,318.0,20.0,degree,not_retained
26.0,16.846153846153847,12.002307470456865,3.0,6.25,15.0,22.5,42.0,20.0,degree,retained
303.0,1.5781876374817622e-05,6.087609149320405e-05,0.0,1.31380734867993e-09,1.502600123276716e-06,1.0735000778314587e-05,0.0009252587384433,20.0,betweenness,not_retained
26.0,7.318515227346994e-06,1.1829952299008626e-05,0.0,5.761906480437404e-07,4.9324613141030245e-06,1.1311982055028771e-05,6.0168068962476704e-05,20.0,betweenness,retained
303.0,0.4989013957998495,0.0059336787566509385,0.4649343703340539,0.4999101441288174,0.499922123045588,0.4999580632406331,0.5010807954654626,20.0,closeness,not_retained
26.0,0.4999553015642162,4.0390228740390396e-05,0.4999101441288174,0.4999176308979795,0.4999490777253618,0.4999865195735787,0.5000359513937157,20.0,closeness,retained
303.0,0.8097075559039723,0.2341376050127016,0.0586576424139875,0.6454469507101086,0.9047619047619048,1.0,1.0,20.0,clustering,not_retained
26.0,0.8416588960296312,0.17126170738940408,0.3631578947368421,0.7138888888888889,0.884065934065934,1.0,1.0,20.0,clustering,retained
303.0,6.983498349834983,4.758720642999528,2.0,3.0,5.0,9.0,20.0,20.0,kshell,not_retained
26.0,8.23076923076923,4.188629296633373,3.0,4.25,8.0,13.0,14.0,20.0,kshell,retained
303.0,11841.966343778933,29435.519537403245,100.0,586.0,1707.0,7391.5,313616.09445817105,20.0,weighted_degree,not_retained
26.0,8043.118846153846,11129.03866159313,150.0,1573.25,5101.0,9069.0,54325.0,20.0,weighted_degree,retained
137.0,8.27007299270073,18.49900778326291,3.0,5.0,6.0,7.0,208.0,21.0,degree,not_retained
46.0,15.543478260869565,23.558632785965347,3.0,6.0,8.0,10.75,139.0,21.0,degree,retained
137.0,6.752419239873806e-06,5.0438808462022237e-05,0.0,0.0,0.0,4.226020928266888e-09,0.0005841340915013,21.0,betweenness,not_retained
46.0,2.6871911470576004e-05,6.961443767023998e-05,0.0,0.0,2.438218070445974e-09,9.03729368137857e-06,0.0003753632964998,21.0,betweenness,retained
137.0,0.49865392906630684,0.0065833798393260074,0.4649343703340539,0.4999101441288174,0.4999161335154434,0.499922123045588,0.5009905507462149,21.0,closeness,not_retained
46.0,0.49995534487887744,9.15807260707607e-05,0.4999101441288174,0.4999161335154434,0.4999251178824221,0.4999341025364532,0.5004317582153994,21.0,closeness,retained
137.0,0.9070250691710761,0.1750831947070089,0.0371104305530535,0.9,1.0,1.0,1.0,21.0,clustering,not_retained
46.0,0.7935363044091431,0.28969856524908605,0.0661389172625127,0.7261904761904762,1.0,1.0,1.0,21.0,clustering,retained
137.0,4.335766423357664,1.2143587769512094,3.0,3.0,4.0,5.0,9.0,21.0,kshell,not_retained
46.0,5.086956521739131,1.395645401581835,3.0,4.0,5.0,6.0,7.0,21.0,kshell,retained
137.0,2758.702126560215,19576.052509502064,140.0,500.0,550.0,682.0,228779.0,21.0,weighted_degree,not_retained
46.0,6580.567626035248,12421.842498237678,129.0,331.25,671.0,6698.25,58020.25114174977,21.0,weighted_degree,retained
110.0,9.372727272727273,12.664954963870338,2.0,4.0,4.0,8.0,84.0,22.0,degree,not_retained
5.0,5.8,4.658325879540847,2.0,3.0,3.0,8.0,13.0,22.0,degree,retained
110.0,1.0451230474999244e-05,5.0033274053070615e-05,0.0,0.0,0.0,2.6794475206191537e-06,0.0004867111327589,22.0,betweenness,not_retained
5.0,1.7552767829472734e-06,2.967097468407259e-06,0.0,0.0,0.0,1.927785978422625e-06,6.848597936313741e-06,22.0,betweenness,retained
110.0,0.49959139368159294,0.0033492349726731837,0.4649499125279966,0.4999101441288174,0.4999131388221304,0.4999341025364532,0.5002937544213037,22.0,closeness,not_retained
5.0,0.49925579105405776,0.0014967908195764972,0.4965784807264332,0.4999101441288174,0.4999101441288174,0.499922123045588,0.4999580632406331,22.0,closeness,retained
110.0,0.8224655448642132,0.2747951035820604,0.0796019900497512,0.6213369963369964,1.0,1.0,1.0,22.0,clustering,not_retained
5.0,0.9127272727272727,0.19514775076361804,0.5636363636363636,1.0,1.0,1.0,1.0,22.0,clustering,retained
110.0,4.281818181818182,1.7823385225149297,2.0,3.0,3.0,5.0,8.0,22.0,kshell,not_retained
5.0,3.8,1.6431676725154984,2.0,3.0,3.0,5.0,6.0,22.0,kshell,retained
110.0,4898.490909090909,16624.466006873066,100.0,500.0,555.0,2923.25,164751.0,22.0,weighted_degree,not_retained
5.0,710.7613904770817,1105.8047286977128,100.0,150.0,150.0,484.0,2669.8069523854083,22.0,weighted_degree,retained
276.0,7.967391304347826,11.301923653116301,2.0,4.0,5.0,6.0,101.0,23.0,degree,not_retained
29.0,22.275862068965516,52.599495211947854,3.0,5.0,7.0,13.0,280.0,23.0,degree,retained
276.0,7.295293293419477e-06,3.0234309230201255e-05,0.0,0.0,0.0,2.999372536696174e-07,0.0002657087984891,23.0,betweenness,not_retained
29.0,4.451567966225345e-05,0.00011421495476679326,0.0,0.0,2.995948498719865e-07,2.1998657784316425e-05,0.0005029096649033,23.0,betweenness,retained
276.0,0.49980178766681715,0.0021073356381881196,0.4649291898336434,0.4999101441288174,0.4999161335154434,0.499922123045588,0.5003897490016429,23.0,closeness,not_retained
29.0,0.49998251554064665,0.00019871117483509558,0.4999101441288174,0.4999161335154434,0.499922123045588,0.4999400924971843,0.5009544619595885,23.0,closeness,retained
276.0,0.8976018304075665,0.21531906770836087,0.0787540405524537,0.9,1.0,1.0,1.0,23.0,clustering,not_retained
29.0,0.7286372846479402,0.30722226344593045,0.035246533127889,0.5128205128205128,0.8,1.0,1.0,23.0,clustering,retained
276.0,4.11231884057971,1.7513819124981174,2.0,3.0,4.0,4.0,11.0,23.0,kshell,not_retained
29.0,4.9655172413793105,1.917639147878931,3.0,4.0,4.0,5.0,11.0,23.0,kshell,retained
276.0,3973.8116513845252,14790.349592414506,133.0,500.0,539.0,887.25,181591.0,23.0,weighted_degree,not_retained
29.0,11627.314625423096,21954.205497711948,150.0,336.0,2058.0,12637.0,85084.4210916729,23.0,weighted_degree,retained
160.0,13.0625,33.68624889743401,2.0,5.0,6.0,9.0,368.0,24.0,degree,not_retained
53.0,10.264150943396226,10.51948913536611,3.0,6.0,7.0,11.0,63.0,24.0,degree,retained
160.0,2.637653619106073e-05,0.00019329945446245995,0.0,0.0,0.0,9.585570257413934e-07,0.0023974786976379,24.0,betweenness,not_retained
53.0,7.992472805297662e-06,2.9434873615590774e-05,0.0,0.0,6.277118047428662e-10,1.3906544905929665e-08,0.0001649739448761,24.0,betweenness,retained
160.0,0.4992490922276217,0.004773364203745086,0.4649291898336434,0.4999161335154434,0.4999161335154434,0.4999281127192562,0.5010807954654626,24.0,closeness,not_retained
53.0,0.4998729383039742,0.00046237566509215177,0.4965843905457834,0.4999161335154434,0.499922123045588,0.4999400924971843,0.5001438366016205,24.0,closeness,retained
160.0,0.8713522599951669,0.21798865920943278,0.0321489001692047,0.8,1.0,1.0,1.0,24.0,clustering,not_retained
53.0,0.8734235281174995,0.19408520446613817,0.1800232288037166,0.8095238095238095,1.0,1.0,1.0,24.0,clustering,retained
160.0,4.85625,1.8009322358820146,2.0,4.0,4.0,6.0,11.0,24.0,kshell,not_retained
53.0,5.377358490566038,1.6667150452581827,3.0,4.0,5.0,6.0,9.0,24.0,kshell,retained
160.0,6068.24970851792,20431.00830361028,100.0,500.0,685.5,2184.0,171865.06098815234,24.0,weighted_degree,not_retained
53.0,3336.286677928182,6824.742733268395,134.0,600.0,671.0,2263.0,30431.0,24.0,weighted_degree,retained
16.0,17.625,9.790301323248432,4.0,10.25,19.0,24.25,37.0,25.0,degree,not_retained
2.0,7.5,6.363961030678928,3.0,5.25,7.5,9.75,12.0,25.0,degree,retained
16.0,2.5040107574042377e-05,5.276966819140546e-05,0.0,1.1402063555650652e-09,8.819776225274498e-06,2.352633309924946e-05,0.0002164269242141,25.0,betweenness,not_retained
2.0,7.293673838697069e-11,1.0314812462211229e-10,0.0,3.6468369193485345e-11,7.293673838697069e-11,1.0940510758045604e-10,1.4587347677394138e-10,25.0,betweenness,retained
16.0,0.4999610605897655,3.346279821134688e-05,0.4999161335154434,0.49993859500700155,0.49996105850809236,0.49997753301747694,0.5000359513937157,25.0,closeness,not_retained
2.0,0.499928113365136,2.541233770718714e-05,0.4999101441288174,0.4999191287469767,0.499928113365136,0.4999370979832952,0.4999460826014545,25.0,closeness,retained
16.0,0.7742054744772138,0.18089079498406796,0.3442028985507246,0.7333333333333333,0.7957875457875458,0.8617424242424243,1.0,25.0,clustering,not_retained
2.0,1.0,0.0,1.0,1.0,1.0,1.0,1.0,25.0,clustering,retained
16.0,7.6875,1.8518009252256753,4.0,7.5,8.5,9.0,9.0,25.0,kshell,not_retained
2.0,6.0,4.242640687119285,3.0,4.5,6.0,7.5,9.0,25.0,kshell,retained
16.0,6600.375,6581.274961332847,747.0,3111.5,4663.5,8212.25,27729.0,25.0,weighted_degree,not_retained
2.0,1328.5,1166.0190821766168,504.0,916.25,1328.5,1740.75,2153.0,25.0,weighted_degree,retained
2.0,7.0,2.8284271247461903,5.0,6.0,7.0,8.0,9.0,26.0,degree,not_retained
2.0,1.5439958951087983e-05,2.1835399351112492e-05,0.0,7.719979475543992e-06,1.5439958951087983e-05,2.3159938426631975e-05,3.0879917902175967e-05,26.0,betweenness,not_retained
2.0,0.4999191284240368,1.2705712147630962e-05,0.4999101441288174,0.49991463627642707,0.4999191284240368,0.4999236205716465,0.4999281127192562,26.0,closeness,not_retained
2.0,0.8333333333333333,0.23570226039551587,0.6666666666666666,0.75,0.8333333333333333,0.9166666666666666,1.0,26.0,clustering,not_retained
2.0,4.0,1.4142135623730951,3.0,3.5,4.0,4.5,5.0,26.0,kshell,not_retained
2.0,2142.5,635.6889962867062,1693.0,1917.75,2142.5,2367.25,2592.0,26.0,weighted_degree,not_retained
582.0,57.07388316151203,70.90188395284041,3.0,26.0,36.0,79.0,789.0,27.0,degree,not_retained
58.0,43.206896551724135,27.934609496885695,3.0,27.0,36.5,57.0,141.0,27.0,degree,retained
582.0,1.809917478043036e-05,8.639753451549048e-05,0.0,7.088622260744495e-07,2.890884021442891e-06,1.1768013231053068e-05,0.0011921958218827,27.0,betweenness,not_retained
58.0,9.764854206176301e-06,2.191102036626799e-05,0.0,6.726941279642122e-07,1.528327776034591e-06,4.326214480234895e-06,0.0001219092303548,27.0,betweenness,retained
582.0,0.49964189124203123,0.004293858439826585,0.4649602745679232,0.5000359513937157,0.5000838946283468,0.5002937544213037,0.5039858923567494,27.0,closeness,not_retained
58.0,0.5001132760503255,0.0001282584330489774,0.4999101441288174,0.5000479363405398,0.5000659148380293,0.5002142867981282,0.5005398143038795,27.0,closeness,retained
582.0,0.4493546585193479,0.22635565220729492,0.0546685891094319,0.31766879165459283,0.3758648758648758,0.48555614909781575,1.0,27.0,clustering,not_retained
58.0,0.4512700842856633,0.22730514790410067,0.2047619047619047,0.30382145679662803,0.35108853410740204,0.5257352941176471,1.0,27.0,clustering,retained
582.0,28.2319587628866,15.094064532406534,3.0,17.0,26.0,46.0,47.0,27.0,kshell,not_retained
58.0,26.32758620689655,12.282333527404429,3.0,17.0,24.5,35.0,47.0,27.0,kshell,retained
582.0,58444.713766636334,108598.17317810841,282.0,13222.75,33453.5,80479.25,1969159.0,27.0,weighted_degree,not_retained
58.0,64423.3275862069,99894.85556910076,500.0,26568.5,42470.5,64327.0,566754.0,27.0,weighted_degree,retained
199.0,60.82914572864322,38.90445372927894,4.0,23.0,66.0,82.0,208.0,28.0,degree,not_retained
5.0,31.8,13.367871932360812,17.0,25.0,26.0,41.0,50.0,28.0,degree,retained
199.0,2.894097424691719e-05,4.8038343404493647e-05,0.0,2.268272069329325e-06,1.3385956016441651e-05,3.069292324866959e-05,0.0002939295865531,28.0,betweenness,not_retained
5.0,9.200620129983744e-06,8.257134538553926e-06,2.0606700660750668e-10,2.2422161870262862e-06,8.826547823415273e-06,1.6274186907196375e-05,1.8659943665274183e-05,28.0,betweenness,retained
199.0,0.49823391336631445,0.007983020477775582,0.4651727982162765,0.49998502179628146,0.5001798086835607,0.5002577659485188,0.5007981372796121,28.0,closeness,not_retained
5.0,0.5000431522721916,7.89787840111693e-05,0.4999520728492691,0.4999820262416871,0.5000359513937157,0.5001138638188727,0.5001318470574134,28.0,closeness,retained
199.0,0.6187499980181949,0.16711952830783583,0.2219558485665767,0.5172463768115942,0.6338893766461808,0.6990336422124315,1.0,28.0,clustering,not_retained
5.0,0.7049479281515895,0.18584379615591598,0.4534412955465587,0.616600790513834,0.7372372372372372,0.7619047619047619,0.9555555555555556,28.0,clustering,retained
199.0,29.08542713567839,13.129415609075114,3.0,13.0,38.0,38.0,38.0,28.0,kshell,not_retained
5.0,22.2,11.519548602267365,10.0,11.0,23.0,33.0,34.0,28.0,kshell,retained
199.0,30050.91959798995,60449.15125055683,160.0,8178.5,24482.0,32217.5,719279.0,28.0,weighted_degree,not_retained
5.0,19911.4,14889.432286020849,11888.0,11952.0,12406.0,17046.0,46265.0,28.0,weighted_degree,retained
221.0,18.380090497737555,24.85120011718748,2.0,3.0,8.0,29.0,223.0,29.0,degree,not_retained
12.0,15.583333333333334,16.626694490997593,3.0,4.75,8.0,18.5,45.0,29.0,degree,retained
221.0,3.0510817242199485e-05,0.00011040221905408599,0.0,0.0,1.2985928926740152e-06,1.7574648129652556e-05,0.0013139878825054,29.0,betweenness,not_retained
12.0,2.3814969230863566e-05,4.789728977904191e-05,5.630457069660193e-07,2.312157796962838e-06,2.3124449853702365e-06,8.766190829842446e-06,0.0001456861148694,29.0,betweenness,retained
221.0,0.49932642699621355,0.004676125534496531,0.4649291898336434,0.4999101441288174,0.499922123045588,0.4999940086036452,0.5006419101325814,29.0,closeness,not_retained
12.0,0.4999510805762542,5.7738262518663866e-05,0.4999101441288174,0.4999101441288174,0.4999251178824221,0.4999610611282329,0.500071907957814,29.0,closeness,retained
221.0,0.8274165209937726,0.21941814405276616,0.053297199638663,0.6666666666666666,0.9523809523809524,1.0,1.0,29.0,clustering,not_retained
12.0,0.8195638111680091,0.2576195842739177,0.2850574712643678,0.642080745341615,0.9666666666666666,1.0,1.0,29.0,clustering,retained
221.0,7.203619909502263,4.933114959164147,2.0,3.0,5.0,11.0,17.0,29.0,kshell,not_retained
12.0,6.333333333333333,4.141438777950865,3.0,3.0,5.0,7.25,16.0,29.0,kshell,retained
221.0,7943.045248868778,20461.12973659917,139.0,500.0,1334.0,5862.0,232128.0,29.0,weighted_degree,not_retained
12.0,17259.25,32236.779585168355,150.0,507.5,4550.5,10641.25,107950.0,29.0,weighted_degree,retained
2.0,7.0,0.0,7.0,7.0,7.0,7.0,7.0,30.0,degree,not_retained
1.0,13.0,,13.0,13.0,13.0,13.0,13.0,30.0,degree,retained
2.0,5.146272666380918e-06,7.276304017503047e-06,1.148753629594788e-09,2.573710710005257e-06,5.146272666380918e-06,7.718834622756581e-06,1.0291396579132242e-05,30.0,betweenness,not_retained
1.0,1.0293119709576634e-05,,1.0293119709576634e-05,1.0293119709576634e-05,1.0293119709576634e-05,1.0293119709576634e-05,1.0293119709576634e-05,30.0,betweenness,retained
2.0,0.4999251178824221,4.23533886789028e-06,0.499922123045588,0.499923620464005,0.4999251178824221,0.49992661530083915,0.4999281127192562,30.0,closeness,not_retained
1.0,0.4999580632406331,,0.4999580632406331,0.4999580632406331,0.4999580632406331,0.4999580632406331,0.4999580632406331,30.0,closeness,retained
2.0,0.7833333333333333,0.16499158227686112,0.6666666666666666,0.725,0.7833333333333333,0.8416666666666667,0.9,30.0,clustering,not_retained
1.0,0.3818181818181818,,0.3818181818181818,0.3818181818181818,0.3818181818181818,0.3818181818181818,0.3818181818181818,30.0,clustering,retained
2.0,4.0,0.0,4.0,4.0,4.0,4.0,4.0,30.0,kshell,not_retained
1.0,4.0,,4.0,4.0,4.0,4.0,4.0,30.0,kshell,retained
2.0,3140.5,2305.8752134493316,1510.0,2325.25,3140.5,3955.75,4771.0,30.0,weighted_degree,not_retained
1.0,5057.0,,5057.0,5057.0,5057.0,5057.0,5057.0,30.0,weighted_degree,retained
11.0,5.2727272727272725,4.383854675759886,3.0,3.0,4.0,4.5,18.0,31.0,degree,not_retained
1.0,3.0,,3.0,3.0,3.0,3.0,3.0,31.0,degree,retained
11.0,1.8712525300278715e-05,4.9959396852281e-05,0.0,0.0,0.0,1.435942036993485e-10,0.0001646707560445,31.0,betweenness,not_retained
1.0,0.0,,0.0,0.0,0.0,0.0,0.0,31.0,betweenness,retained
11.0,0.4999199460002492,2.3242226531097414e-05,0.4999101441288174,0.4999101441288174,0.4999101441288174,0.4999161335154434,0.4999880173508759,31.0,closeness,not_retained
1.0,0.4999101441288174,,0.4999101441288174,0.4999101441288174,0.4999101441288174,0.4999101441288174,0.4999101441288174,31.0,closeness,retained
11.0,0.8863636363636366,0.2365044258240074,0.25,0.9166666666666667,1.0,1.0,1.0,31.0,clustering,not_retained
1.0,1.0,,1.0,1.0,1.0,1.0,1.0,31.0,clustering,retained
11.0,3.272727272727273,0.46709936649691375,3.0,3.0,3.0,3.5,4.0,31.0,kshell,not_retained
1.0,3.0,,3.0,3.0,3.0,3.0,3.0,31.0,kshell,retained
11.0,1769.090909090909,3007.1744696490573,131.0,365.5,528.0,747.5,9209.0,31.0,weighted_degree,not_retained
1.0,150.0,,150.0,150.0,150.0,150.0,150.0,31.0,weighted_degree,retained
121.0,22.049586776859503,20.63768851707535,3.0,12.0,17.0,27.0,194.0,32.0,degree,not_retained
8.0,23.625,27.396232796291017,2.0,3.75,13.5,31.25,80.0,32.0,degree,retained
121.0,2.4954843322185795e-05,5.907310215404032e-05,0.0,7.110387627117604e-09,6.134078463203927e-06,2.4125950743093696e-05,0.000443160316988,32.0,betweenness,not_retained
8.0,1.787682432661943e-05,3.4556218758698994e-05,0.0,0.0,1.382266670040148e-07,1.356870203012132e-05,9.317152598012018e-05,32.0,betweenness,retained
121.0,0.49910885761733764,0.005467273013188642,0.4649343703340539,0.4999400924971843,0.4999580632406331,0.4999940086036452,0.5006238901953256,32.0,closeness,not_retained
8.0,0.4995700890065809,0.0012148288131339597,0.496572571047746,0.4999101441288174,0.49995806438907014,0.5000119851622412,0.5001918005274515,32.0,closeness,retained
121.0,0.7790407452745557,0.20819052641481775,0.0959219617937948,0.6397058823529411,0.8222222222222222,1.0,1.0,32.0,clustering,not_retained
8.0,0.6944131790647293,0.28123399784901837,0.2726530612244898,0.49741379310344824,0.6512605042016807,1.0,1.0,32.0,clustering,retained
121.0,9.190082644628099,3.5102565186103245,3.0,7.0,9.0,11.0,16.0,32.0,kshell,not_retained
8.0,8.125,5.693040864574423,2.0,3.0,7.0,12.25,16.0,32.0,kshell,retained
121.0,14161.570082644628,18532.870992967222,500.0,2277.0,4511.0,21664.0,111211.0,32.0,weighted_degree,not_retained
8.0,21535.375,29117.880686898017,150.0,921.25,5278.5,35951.0,71921.0,32.0,weighted_degree,retained
787.0,7.621346886912325,14.717058414020965,3.0,3.0,4.0,4.0,200.0,33.0,degree,not_retained
18.0,31.61111111111111,51.2354873442099,3.0,3.25,4.5,37.5,176.0,33.0,degree,retained
787.0,1.0250113403229893e-05,0.00010234235082940805,0.0,0.0,0.0,1.2201468153631674e-09,0.0021012564914473,33.0,betweenness,not_retained
18.0,8.295215552439481e-05,0.0001773669797821398,0.0,0.0,2.14064141306282e-06,2.0491524560079985e-05,0.0004899625118095,33.0,betweenness,retained
787.0,0.499926607166899,6.717504622645251e-05,0.4999101441288174,0.4999101441288174,0.4999101441288174,0.4999101441288174,0.5009604763962926,33.0,closeness,not_retained
18.0,0.5000290635488631,0.00023375255593197664,0.4999101441288174,0.4999101441288174,0.4999131388221304,0.5000089900021678,0.5007320292811712,33.0,closeness,retained
787.0,0.9540808783914292,0.15341781791982442,0.0284356166709107,1.0,1.0,1.0,1.0,33.0,clustering,not_retained
18.0,0.7870354583392074,0.33575984608084214,0.0570400822199383,0.8035573122529645,0.9642857142857143,1.0,1.0,33.0,clustering,retained
787.0,4.531130876747141,4.9959254764058425,3.0,3.0,3.0,3.0,26.0,33.0,kshell,not_retained
18.0,8.166666666666666,7.838442222188554,3.0,3.0,3.0,11.5,26.0,33.0,kshell,retained
787.0,3543.246505717916,14830.348725615995,131.0,500.0,528.0,545.0,235346.0,33.0,weighted_degree,not_retained
18.0,46117.833333333336,111510.2922800508,150.0,187.5,1373.0,17700.75,452625.0,33.0,weighted_degree,retained
157.0,16.012738853503183,20.946815210207884,3.0,5.0,7.0,17.0,133.0,34.0,degree,not_retained
15.0,8.333333333333334,7.575021609272965,3.0,3.0,4.0,12.0,31.0,34.0,degree,retained
157.0,1.596961126498433e-05,4.112735551865671e-05,0.0,0.0,8.884048940928272e-10,4.453224225597337e-06,0.0002647586228733,34.0,betweenness,not_retained
15.0,1.1095553168021381e-05,2.5416470867509428e-05,0.0,0.0,0.0,1.4615825429142695e-06,8.233576764757635e-05,34.0,betweenness,retained
157.0,0.49973069285217886,0.0027874814006684893,0.4650380045917571,0.4999101441288174,0.499922123045588,0.4999580632406331,0.5003537467173503,34.0,closeness,not_retained
15.0,0.49992731521569606,2.458005116708138e-05,0.4999101441288174,0.4999101441288174,0.4999101441288174,0.4999430875493194,0.4999940086036452,34.0,closeness,retained
157.0,0.8376058047584373,0.227942146534521,0.1496924128503076,0.7,1.0,1.0,1.0,34.0,clustering,not_retained
15.0,0.9297136632430749,0.13501235309464515,0.5238095238095238,0.9027777777777778,1.0,1.0,1.0,34.0,clustering,retained
157.0,6.3312101910828025,3.7320313692992917,3.0,3.0,5.0,9.0,13.0,34.0,kshell,not_retained
15.0,5.133333333333334,3.2041639575194445,3.0,3.0,3.0,8.0,13.0,34.0,kshell,retained
157.0,19063.898089171973,43631.41552241398,128.0,550.0,1483.0,13929.0,286983.0,34.0,weighted_degree,not_retained
15.0,5024.466666666666,9860.142492933472,150.0,150.0,280.0,6627.0,37537.0,34.0,weighted_degree,retained
6.0,14.833333333333334,6.400520812142295,4.0,13.0,16.0,17.5,23.0,35.0,degree,not_retained
12.0,22.916666666666668,10.085618323617892,8.0,16.75,22.0,27.75,44.0,35.0,degree,retained
6.0,1.513665248837101e-09,1.222376840148904e-09,0.0,7.031557435118891e-10,1.3182175826907652e-09,2.4391070989486565e-09,3.134684259487525e-09,35.0,betweenness,not_retained
12.0,3.0128586989566355e-06,7.440842797557288e-06,0.0,5.82696161519658e-10,7.0786244241092355e-09,1.3084010852644103e-06,2.5783548843698425e-05,35.0,betweenness,retained
6.0,0.4999500769612548,2.29402279964419e-05,0.4999101441288174,0.4999430875852055,0.4999550680449511,0.49996255614182206,0.4999760352760736,35.0,closeness,not_retained
12.0,0.49997254258006435,3.276016114211215e-05,0.499922123045588,0.49995057528731546,0.49996405384733167,0.4999940086036452,0.5000359513937157,35.0,closeness,retained
6.0,0.8630619380619381,0.088019039417893,0.7582417582417582,0.8045454545454546,0.8555194805194806,0.9050324675324676,1.0,35.0,clustering,not_retained
12.0,0.7380341803455615,0.1797447054619692,0.4347826086956521,0.6415441176470588,0.7645354645354645,0.856439393939394,1.0,35.0,clustering,retained
6.0,7.666666666666667,2.4221202832779936,3.0,7.5,9.0,9.0,9.0,35.0,kshell,not_retained
12.0,8.666666666666666,1.1547005383792515,5.0,9.0,9.0,9.0,9.0,35.0,kshell,retained
6.0,1663.0,1030.3845883940617,470.0,845.0,1599.0,2387.5,3066.0,35.0,weighted_degree,not_retained
12.0,2819.1666666666665,1327.3523087391497,932.0,1666.0,3153.5,3538.5,5335.0,35.0,weighted_degree,retained
